customer_id,age,gender,income,loan_amount,tenure_months,emi_paid,balance,defaulted
C0000,59,M,67098,436221,22,13,178454,0
C0001,49,M,161323,956492,8,1,836930,0
C0002,35,M,137413,815188,31,12,499631,0
C0003,63,F,15526,100738,20,12,40295,0
C0004,28,F,83760,640603,41,38,46873,0
C0005,41,M,62837,434386,37,19,211322,0
C0006,59,M,26536,87056,37,7,70585,0
C0007,39,M,43541,316266,9,1,281125,0
C0008,43,F,94083,388347,23,3,337693,0
C0009,31,F,197099,962744,54,48,106971,0
C0010,31,F,49531,262943,24,18,65735,0
C0011,44,F,23712,128152,48,16,85434,0
C0012,56,M,119101,616455,57,55,21630,0
C0013,60,M,80455,618438,40,39,15460,0
C0014,44,M,89744,586036,45,4,533943,0
C0015,23,M,144749,891053,19,8,515872,0
C0016,42,F,20109,65338,38,13,42985,0
C0017,22,F,64268,483267,19,13,152610,0
C0018,44,M,69615,525380,39,17,296368,0
C0019,64,M,97503,672874,9,1,598110,0
C0020,50,F,175831,533672,29,5,441659,0
C0021,58,M,100708,330966,34,6,272560,0
C0022,22,F,117471,484699,24,19,100978,0
C0023,41,M,172661,631377,11,9,114795,0
C0024,53,M,176087,879410,38,26,277708,0
C0025,32,M,175081,1332911,54,14,987341,0
C0026,42,M,98309,526965,45,31,163944,0
C0027,64,M,141446,433816,24,22,36151,0
C0028,45,M,121661,536978,58,4,499945,0
C0029,47,M,172215,555044,6,4,185014,0
C0030,62,F,21154,67300,10,7,20190,0
C0031,48,F,167876,735061,32,8,551295,0
C0032,36,F,187760,822024,21,13,313152,0
C0033,35,F,79288,549912,11,6,249960,0
C0034,64,F,66195,521230,45,38,81080,0
C0035,23,M,35581,172782,18,3,143985,0
C0036,57,M,198720,1022302,53,28,482217,0
C0037,27,F,45087,325706,40,3,301278,0
C0038,41,M,196002,850784,24,13,389942,0
C0039,29,F,179053,677162,17,6,438163,0
C0040,59,F,84298,612462,21,2,554132,0
C0041,38,M,61167,197722,48,16,131814,0
C0042,24,M,189480,1155543,15,6,693325,0
C0043,45,M,54499,316637,30,29,10554,0
C0044,34,F,140816,666003,25,6,506162,0
C0045,29,M,198341,907598,36,8,705909,0
C0046,46,F,184631,1266437,9,7,281430,0
C0047,22,F,111347,382156,49,8,319763,0
C0048,40,F,63787,266879,28,25,28594,0
C0049,48,M,50488,336363,7,6,48051,0
C0050,27,M,89441,513534,27,14,247257,0
C0051,64,F,37431,136246,56,32,58391,0
C0052,28,M,76681,568258,42,35,94709,0
C0053,55,M,137720,684088,13,10,157866,0
C0054,34,M,64153,458010,12,3,343507,0
C0055,37,F,21368,148263,19,12,54623,0
C0056,56,F,173496,1062164,8,1,929393,0
C0057,60,M,127360,696965,55,31,304130,0
C0058,24,F,191076,1509071,21,5,1149768,0
C0059,22,M,127755,475865,24,20,79310,0
C0060,26,M,71985,476956,56,25,264029,0
C0061,62,M,65069,257409,23,9,156683,0
C0062,24,M,67326,315847,57,31,144070,0
C0063,49,F,123737,562198,21,20,26771,0
C0064,38,F,169470,1310880,13,7,605021,0
C0065,46,F,65861,516138,38,22,217321,0
C0066,64,M,90897,355868,54,4,329507,0
C0067,54,M,142118,442011,17,13,104002,0
C0068,30,M,83577,551611,58,45,123636,0
C0069,56,F,24078,122555,16,15,7659,0
C0070,34,M,171075,589216,10,2,471372,0
C0071,51,F,77768,499174,32,17,233987,0
C0072,35,F,66047,378153,17,4,289175,0
C0073,28,F,86626,684569,22,20,62233,0
C0074,34,F,72660,300597,11,1,273270,0
C0075,43,F,195858,983185,38,36,51746,0
C0076,60,F,147997,845466,10,1,760919,0
C0077,41,M,132832,924311,33,1,896301,0
C0078,36,M,145406,835240,19,15,175840,0
C0079,38,F,140150,849939,10,1,764945,0
C0080,44,F,172087,710845,59,24,421687,0
C0081,46,M,48320,349575,38,8,275980,0
C0082,45,F,79881,410840,55,50,37349,0
C0083,61,F,105827,392067,53,27,192334,0
C0084,49,M,117215,740908,46,45,16106,0
C0085,35,F,172361,703310,24,23,29304,0
C0086,21,F,149461,521291,27,14,250991,0
C0087,45,F,171755,1255517,10,8,251103,0
C0088,27,M,159701,846544,7,3,483739,0
C0089,29,M,76550,516438,35,26,132798,0
C0090,44,M,39826,177342,52,47,17052,0
C0091,21,F,115734,802598,44,13,565466,0
C0092,64,F,172702,614763,9,7,136614,0
C0093,28,M,192235,918857,38,37,24180,0
C0094,44,F,113511,895636,18,17,49757,0
C0095,31,F,26653,185770,25,16,66877,0
C0096,37,F,174033,954793,59,55,64731,0
C0097,28,F,96941,455514,12,2,379595,0
C0098,55,F,48662,358185,20,18,35818,0
C0099,55,M,113818,651521,28,17,255954,0
C0100,53,F,167360,1136730,19,7,717934,0
C0101,25,M,110081,745307,28,13,399271,0
C0102,62,F,51877,160285,24,18,40071,0
C0103,59,M,126562,459580,59,29,233684,0
C0104,61,F,161385,1016426,34,30,119579,0
C0105,48,M,87715,334027,25,18,93527,0
C0106,27,F,156398,668987,34,13,413197,0
C0107,29,M,125091,967352,29,11,600425,0
C0108,28,F,147632,856400,23,21,74469,0
C0109,32,M,94148,635842,15,14,42389,0
C0110,54,F,98186,568487,46,21,308960,0
C0111,53,M,172817,995869,13,7,459631,0
C0112,43,M,177962,617663,31,17,278944,0
C0113,44,F,166094,783683,34,19,345742,0
C0114,57,F,138629,611652,15,4,448544,0
C0115,55,M,198651,984045,22,15,313105,0
C0116,64,F,85316,596505,7,1,511290,0
C0117,60,M,43380,210812,11,4,134153,0
C0118,42,M,125198,658351,10,5,329175,0
C0119,47,M,17356,86552,33,23,26227,0
C0120,55,F,85326,295828,46,30,102896,0
C0121,21,M,107447,559300,10,1,503370,0
C0122,55,M,129994,517122,23,20,67450,0
C0123,57,F,35049,137869,31,9,97842,0
C0124,34,F,120361,417674,25,22,50120,0
C0125,23,F,31082,148676,46,1,145443,0
C0126,21,F,15661,106297,54,44,19684,0
C0127,25,M,183484,804065,32,3,728683,0
C0128,46,M,17920,81746,54,11,65094,0
C0129,34,M,94561,587542,17,2,518419,0
C0130,59,M,23946,95286,12,9,23821,0
C0131,47,F,191572,1433876,8,7,179234,0
C0132,29,M,31309,175360,15,12,35072,0
C0133,35,M,70230,367865,39,33,56594,0
C0134,35,F,126822,734185,30,13,416038,0
C0135,46,M,176099,674489,40,14,438417,0
C0136,62,M,127340,772618,21,8,478287,0
C0137,33,M,74321,357893,7,3,204510,0
C0138,52,M,147028,1100641,29,12,645203,0
C0139,59,M,89131,342643,15,1,319800,0
C0140,52,M,193980,1073728,43,40,74911,0
C0141,24,F,40963,245391,27,10,154505,0
C0142,50,F,116757,369759,31,30,11927,0
C0143,57,M,185515,893897,48,11,689045,0
C0144,43,M,114259,761327,44,39,86514,0
C0145,59,F,54063,383949,32,11,251966,0
C0146,35,M,129225,590016,34,31,52060,0
C0147,63,M,131400,918875,52,17,618473,0
C0148,49,M,95818,751096,43,33,174673,0
C0149,56,F,19703,143523,25,21,22963,0
C0150,33,M,87099,312530,32,21,107432,0
C0151,52,F,171921,1151638,46,40,150213,0
C0152,27,M,177932,818190,59,23,499234,0
C0153,42,F,46585,369981,25,24,14799,0
C0154,48,F,168087,912173,49,6,800478,0
C0155,22,M,58585,211618,24,22,17634,0
C0156,62,F,41958,278010,25,18,77842,0
C0157,26,M,41017,189295,40,38,9464,0
C0158,48,F,139677,1115375,52,37,321742,0
C0159,48,M,191422,1512025,7,5,432007,0
C0160,64,M,158273,994060,35,8,766846,0
C0161,64,F,44426,162116,58,41,47516,0
C0162,40,M,32778,210903,39,35,21631,0
C0163,50,M,191313,662928,27,19,196423,0
C0164,31,F,57229,180089,8,3,112555,0
C0165,48,M,101652,723232,11,8,197245,0
C0166,45,M,143267,580054,20,17,87008,0
C0167,59,F,194436,951790,32,21,327177,0
C0168,53,F,141503,1113244,15,3,890595,0
C0169,21,M,99878,467848,14,2,401012,0
C0170,47,M,72056,322987,38,19,161493,0
C0171,33,F,173562,1317516,37,28,320476,0
C0172,61,F,34975,124292,53,17,84424,0
C0173,23,M,172795,1174645,11,6,533929,0
C0174,59,F,169351,1344702,46,19,789281,0
C0175,26,M,157633,1183268,41,38,86580,0
C0176,28,M,103397,647093,7,4,277325,0
C0177,47,M,195225,892237,34,2,839752,0
C0178,29,M,48142,205643,9,6,68547,0
C0179,57,M,41916,297447,6,5,49574,0
C0180,53,F,79324,586926,24,19,122276,0
C0181,62,F,191037,1074998,31,20,381450,0
C0182,64,F,140932,594972,30,4,515642,0
C0183,44,F,150720,537274,15,6,322364,0
C0184,35,M,181205,622601,58,26,343504,0
C0185,52,M,196749,1297635,20,17,194645,0
C0186,52,M,111059,566466,27,11,335683,0
C0187,44,M,113317,852914,56,36,304612,0
C0188,61,F,50046,335225,53,13,253000,0
C0189,32,M,193136,764104,26,20,176331,0
C0190,59,M,116459,706776,27,26,26176,0
C0191,22,F,60893,315275,41,32,69206,0
C0192,23,F,116520,685865,39,17,386898,0
C0193,57,F,140818,942121,35,19,430683,0
C0194,37,F,76272,536266,30,26,71502,0
C0195,22,M,82649,596617,50,35,178985,0
C0196,22,M,79674,340197,33,14,195871,0
C0197,48,F,159832,504362,6,3,252181,0
C0198,43,M,167999,1125000,54,28,541666,0
C0199,57,M,101475,358381,50,1,351213,0
C0200,52,M,76367,349348,9,2,271715,0
C0201,53,F,158660,479008,12,2,399173,0
C0202,21,M,136750,876341,54,48,97371,0
C0203,39,F,133154,510733,14,8,218885,0
C0204,22,M,198305,1244643,41,33,242857,0
C0205,64,M,59738,475437,24,12,237718,0
C0206,46,M,48397,162776,6,2,108517,0
C0207,52,F,97189,329022,15,4,241282,0
C0208,26,M,91367,429598,41,38,31434,0
C0209,52,F,135585,994100,14,12,142014,0
C0210,24,F,91619,373590,50,27,171851,0
C0211,31,F,126453,607213,51,9,500057,0
C0212,37,M,34816,116373,47,16,76756,0
C0213,58,M,188312,1283492,37,12,867224,0
C0214,44,M,152348,768067,37,31,124551,0
C0215,25,M,94530,642448,11,8,175213,0
C0216,54,F,169571,1274841,53,14,938090,0
C0217,26,F,123856,515713,43,25,215879,0
C0218,42,F,86635,609648,22,2,554225,0
C0219,31,M,122803,404693,15,3,323754,0
C0220,36,F,50946,381801,55,24,215196,0
C0221,53,M,70204,439044,32,30,27440,0
C0222,29,F,197958,1459174,59,54,123658,0
C0223,26,M,30563,91717,55,42,21678,0
C0224,36,M,107324,412704,40,9,319845,0
C0225,49,F,24847,122962,57,26,66874,0
C0226,23,F,41155,201557,26,20,46513,0
C0227,40,F,94671,391336,30,8,286979,0
C0228,56,F,131891,647328,33,10,451168,0
C0229,39,M,98310,358265,52,19,227360,0
C0230,46,F,164381,832393,20,3,707534,0
C0231,23,F,146691,1028563,9,8,114284,0
C0232,39,F,196180,1058459,34,5,902803,0
C0233,40,M,49707,153594,14,3,120681,0
C0234,52,M,166409,849887,32,26,159353,0
C0235,27,F,96537,302727,31,27,39061,0
C0236,61,M,193686,1516797,24,16,505599,0
C0237,53,F,106155,386114,33,17,187206,0
C0238,60,M,15281,99913,22,15,31790,0
C0239,59,M,173492,1364320,48,35,369503,0
C0240,38,M,185102,1319813,46,12,975513,0
C0241,60,M,147130,955841,47,41,122022,0
C0242,21,F,91260,656826,55,53,23884,0
C0243,31,F,174476,1379929,25,12,717563,0
C0244,48,F,175928,1074343,50,26,515684,0
C0245,45,M,155272,899944,45,34,219986,0
C0246,43,F,79178,486247,44,23,232072,0
C0247,51,F,48997,277488,54,31,118189,0
C0248,50,F,171683,1060219,58,50,146237,0
C0249,62,M,134273,704827,28,20,201379,0
C0250,55,M,187307,766500,52,12,589615,0
C0251,27,M,181129,652288,37,23,246811,0
C0252,36,F,147311,492269,57,4,457723,0
C0253,46,F,141945,612716,52,23,341707,0
C0254,22,F,60272,194715,38,1,189590,0
C0255,21,M,104393,609222,51,25,310583,0
C0256,32,M,76212,336791,10,2,269432,0
C0257,25,F,161470,1150098,48,30,431286,0
C0258,57,M,135030,455213,53,3,429446,0
C0259,52,M,71503,295433,39,21,136353,0
C0260,29,M,152710,1015709,45,25,451426,0
C0261,61,M,21570,129291,16,4,96968,0
C0262,55,F,83785,278372,55,49,30367,0
C0263,39,M,24110,178081,8,4,89040,0
C0264,36,M,94141,695354,38,22,292780,0
C0265,23,M,27115,126140,16,5,86721,0
C0266,40,M,54062,254201,21,1,242096,0
C0267,44,F,37911,301208,23,20,39288,0
C0268,53,F,119061,729948,35,15,417113,0
C0269,44,M,47556,269004,53,46,35528,0
C0270,31,M,143335,1030687,15,4,755837,0
C0271,28,M,16969,75112,23,15,26125,0
C0272,56,M,58753,302337,43,25,126559,0
C0273,58,M,150542,653184,24,21,81648,0
C0274,60,M,136863,950623,41,24,394160,0
C0275,40,F,25225,147988,18,5,106880,0
C0276,55,M,138008,868639,51,6,766446,0
C0277,45,F,169268,721341,8,1,631173,0
C0278,55,F,120823,495510,15,11,132136,0
C0279,45,M,28669,156013,43,23,72564,0
C0280,49,F,183452,1226895,6,4,408965,0
C0281,38,F,139398,784280,32,27,122543,0
C0282,38,F,125677,397545,51,18,257235,0
C0283,22,F,63320,464943,13,5,286118,0
C0284,55,F,193486,643038,56,28,321519,0
C0285,36,F,161649,1257487,51,35,394505,0
C0286,61,M,140354,438705,47,22,233353,0
C0287,56,F,103009,666700,22,8,424263,0
C0288,53,F,43625,148806,14,7,74403,0
C0289,24,F,39089,295254,11,3,214730,0
C0290,53,M,51487,274022,48,40,45670,0
C0291,34,F,125448,462604,30,18,185041,0
C0292,41,M,65138,306414,44,10,236774,0
C0293,40,F,188895,722357,54,25,387932,0
C0294,28,M,183280,706161,33,20,278184,0
C0295,27,M,69061,534569,38,8,422028,0
C0296,23,F,176731,923636,59,55,62619,0
C0297,37,F,116376,808116,42,11,596466,0
C0298,53,M,177962,1103013,14,13,78786,0
C0299,32,F,94134,600775,23,5,470171,0
C0300,42,M,62055,227026,26,13,113513,0
C0301,42,M,34508,143930,7,5,41122,0
C0302,50,M,188359,1306034,48,37,299299,0
C0303,58,M,173056,1359152,43,38,158040,0
C0304,58,M,125169,539901,45,29,191964,0
C0305,28,F,23125,100775,41,5,88485,0
C0306,47,M,51059,273905,55,9,229084,0
C0307,47,M,118409,937704,48,2,898633,0
C0308,54,F,163159,708892,42,1,692013,0
C0309,41,M,20704,104241,20,8,62544,0
C0310,50,F,126279,941713,33,28,142683,0
C0311,53,F,173280,522370,23,19,90846,0
C0312,48,F,133516,427094,39,30,98560,0
C0313,53,M,185954,1119509,27,11,663412,0
C0314,25,M,171995,1296309,16,12,324077,0
C0315,39,M,129044,541247,18,12,180415,0
C0316,24,F,44165,236203,9,4,131223,0
C0317,55,M,82203,431756,27,7,319819,0
C0318,37,F,19114,102543,12,10,17090,0
C0319,64,M,51321,313704,48,13,228742,0
C0320,48,F,88297,472275,59,8,408237,0
C0321,50,M,111652,584759,29,22,141148,0
C0322,49,M,114304,613977,9,4,341098,0
C0323,26,M,171498,1021156,33,26,216608,0
C0324,55,F,32772,186310,20,9,102470,0
C0325,61,F,118754,863422,6,2,575614,0
C0326,57,M,18712,60766,8,5,22787,0
C0327,44,M,147439,1056634,19,15,222449,0
C0328,49,F,130142,939576,43,34,196655,0
C0329,51,F,106736,472257,55,31,206075,0
C0330,55,F,66924,355651,6,4,118550,0
C0331,53,M,18726,97238,43,25,40704,0
C0332,41,F,104152,426247,43,12,307294,0
C0333,52,M,42723,212930,26,1,204740,0
C0334,43,F,141969,457415,53,22,267544,0
C0335,53,M,115494,506915,34,1,492005,0
C0336,23,F,155180,1099203,10,1,989282,0
C0337,38,F,50643,223984,54,42,49774,0
C0338,45,F,177396,1257920,15,6,754752,0
C0339,62,F,118896,672713,33,10,468860,0
C0340,51,F,154999,1146886,26,21,220555,0
C0341,23,M,108680,638375,55,15,464272,0
C0342,60,F,111546,351184,12,1,321918,0
C0343,44,F,168515,1074637,8,6,268659,0
C0344,52,F,94973,306218,50,38,73492,0
C0345,42,M,78449,412091,52,35,134722,0
C0346,43,F,124834,954622,25,13,458218,0
C0347,22,M,40537,155095,24,16,51698,0
C0348,47,F,92576,458192,40,8,366553,0
C0349,62,F,122522,814685,9,6,271561,0
C0350,22,M,37612,278753,10,1,250877,0
C0351,46,F,21471,136442,6,1,113701,0
C0352,37,M,181703,779663,9,6,259887,0
C0353,60,M,46348,295377,17,10,121625,0
C0354,53,F,16177,72531,32,13,43065,0
C0355,29,M,150832,994306,47,17,634663,0
C0356,63,F,47779,371250,28,6,291696,0
C0357,59,F,36636,242052,30,17,104889,0
C0358,49,M,96889,708685,26,16,272571,0
C0359,62,M,68551,206374,57,14,155685,0
C0360,46,M,157628,1038431,29,13,572927,0
C0361,55,M,173670,1241382,30,6,993105,0
C0362,45,F,157635,504872,50,35,151461,0
C0363,44,F,61819,454863,51,46,44594,0
C0364,33,M,88770,380243,37,14,236367,0
C0365,27,F,173038,1094718,37,8,858022,0
C0366,56,F,173059,1211720,10,6,484688,0
C0367,40,F,93714,591646,41,27,202025,0
C0368,21,F,39596,137058,51,13,102121,0
C0369,28,M,179246,1072179,47,31,364997,0
C0370,36,M,79106,454694,54,53,8420,0
C0371,34,F,74182,556484,47,35,142081,0
C0372,32,M,102163,512980,44,6,443028,0
C0373,43,M,54310,250119,21,5,190566,0
C0374,35,M,71088,479790,38,22,202016,0
C0375,48,F,143803,728128,54,49,67419,0
C0376,54,F,154978,965587,26,23,111413,0
C0377,22,F,51914,323541,14,9,115550,0
C0378,52,M,125350,932628,11,2,763059,0
C0379,43,F,60379,361879,56,26,193863,0
C0380,42,F,183722,1012449,50,47,60746,0
C0381,45,M,192953,712837,40,5,623732,0
C0382,42,F,61413,219777,44,26,89908,0
C0383,42,F,152084,573601,27,20,148711,0
C0384,62,M,196187,757133,46,6,658376,0
C0385,26,M,22151,137101,59,6,123158,0
C0386,35,M,72716,487553,10,2,390042,0
C0387,63,F,108747,614415,47,18,379107,0
C0388,57,F,182450,1303621,28,4,1117389,0
C0389,53,F,188724,1501547,22,17,341260,0
C0390,28,M,159539,1132736,17,9,533052,0
C0391,64,M,177082,1146501,28,14,573250,0
C0392,64,F,136999,775751,21,14,258583,0
C0393,25,F,129793,680668,8,5,255250,0
C0394,59,M,123177,421507,35,7,337205,0
C0395,24,M,27289,136358,27,12,75754,0
C0396,26,M,191048,1442541,14,7,721270,0
C0397,52,M,189668,1335284,34,15,746188,0
C0398,50,F,169243,690554,52,19,438236,0
C0399,55,M,101365,540583,42,35,90097,0
C0400,60,F,129014,913885,28,17,359026,0
C0401,36,F,190211,634719,18,3,528932,0
C0402,33,F,194785,961646,37,19,467827,0
C0403,62,M,175806,1276212,51,20,775736,0
C0404,50,M,87588,439647,57,36,161975,0
C0405,39,M,78646,266458,52,35,87111,0
C0406,37,M,18654,106564,53,32,42223,0
C0407,39,F,33743,246617,28,26,17615,0
C0408,48,M,63368,377130,50,48,15085,0
C0409,46,M,152513,630091,22,12,286405,0
C0410,57,F,134735,663057,45,40,73673,0
C0411,46,M,170683,896191,26,24,68937,0
C0412,43,F,134891,795362,7,5,227246,0
C0413,29,F,122971,835803,42,17,497501,0
C0414,32,F,27149,94868,11,7,34497,0
C0415,21,F,115102,857309,49,43,104976,0
C0416,21,F,74189,227133,23,18,49376,0
C0417,54,F,167747,813616,35,1,790369,0
C0418,52,F,86031,269887,27,3,239899,0
C0419,45,F,57668,286314,59,32,131025,0
C0420,60,M,159745,899214,38,36,47327,0
C0421,21,M,103204,573649,35,13,360579,0
C0422,36,M,169741,649792,22,6,472576,0
C0423,59,M,180140,1122038,48,14,794776,0
C0424,25,F,155507,501337,37,15,298092,0
C0425,42,M,198321,1350473,47,4,1235539,0
C0426,49,F,52384,405097,56,40,115742,0
C0427,23,M,96929,455454,19,16,71913,0
C0428,32,M,142959,798597,15,12,159719,0
C0429,46,M,91153,446153,52,16,308875,0
C0430,36,F,90388,274196,56,4,254610,0
C0431,57,M,46401,228727,41,26,83680,0
C0432,42,F,134503,935952,39,28,263986,0
C0433,49,F,142834,854139,14,13,61009,0
C0434,34,M,49084,172103,47,2,164779,0
C0435,48,M,125641,909100,33,31,55096,0
C0436,25,M,120111,679278,16,3,551913,0
C0437,50,F,182523,1315738,19,8,761743,0
C0438,25,M,153299,904633,44,24,411196,0
C0439,32,F,177982,1032018,52,15,734320,0
C0440,36,F,51041,179985,59,43,48809,0
C0441,46,M,103920,398720,24,9,249200,0
C0442,46,M,80681,634162,59,39,214970,0
C0443,41,F,96571,400038,20,13,140013,0
C0444,59,F,142556,1124376,33,2,1056232,0
C0445,56,F,41160,232947,29,8,168685,0
C0446,53,M,32633,120055,13,7,55410,0
C0447,50,F,32014,111937,48,44,9328,0
C0448,57,M,95532,386362,14,3,303570,0
C0449,43,F,64104,488997,52,39,122249,0
C0450,30,F,187693,951744,38,16,551009,0
C0451,25,M,92231,459049,38,35,36240,0
C0452,56,F,83388,380752,24,10,222105,0
C0453,54,M,31014,115846,8,6,28961,1
C0454,51,M,107578,585144,15,2,507124,0
C0455,30,F,179827,656411,45,5,583476,0
C0456,39,M,55390,397556,52,29,175842,0
C0457,52,M,38711,187825,47,39,31970,0
C0458,21,F,106658,519852,6,4,173284,0
C0459,25,M,72993,391974,34,23,126815,0
C0460,24,M,173285,904658,55,5,822416,0
C0461,36,M,22421,178791,39,30,41259,0
C0462,44,F,32727,187424,56,6,167342,0
C0463,36,M,127418,438446,18,14,97432,0
C0464,22,F,19358,116813,59,44,29698,0
C0465,48,F,80108,301039,6,4,100346,0
C0466,52,M,109018,343917,39,29,88183,0
C0467,47,M,139457,1095254,34,23,354346,0
C0468,40,M,178189,1223747,53,6,1085209,0
C0469,44,F,46910,370614,52,32,142543,0
C0470,32,M,141888,764690,18,10,339862,0
C0471,55,M,70754,400558,53,18,264519,0
C0472,53,M,124847,479622,54,15,346393,0
C0473,53,M,175443,742919,58,40,230561,0
C0474,63,M,197573,1421092,34,32,83593,0
C0475,57,F,53467,255621,44,9,203334,0
C0476,32,F,163697,1167826,29,5,966476,0
C0477,23,M,48893,320008,31,10,216779,0
C0478,21,M,91329,354891,22,20,32262,0
C0479,53,M,46007,254751,12,6,127375,0
C0480,60,M,185604,1185440,18,16,131715,0
C0481,30,F,69253,289144,10,8,57828,0
C0482,63,M,27323,195453,31,27,25219,0
C0483,64,F,126335,723159,54,3,682983,0
C0484,49,F,127356,487290,8,2,365467,0
C0485,33,M,125944,744948,12,11,62079,0
C0486,32,F,160282,1282026,54,43,261153,0
C0487,51,F,31456,118042,44,17,72434,0
C0488,22,F,46367,328453,58,32,147237,0
C0489,55,F,69624,281040,6,4,93680,0
C0490,43,M,156178,1079493,54,4,999530,0
C0491,37,M,83008,553903,22,17,125887,0
C0492,46,F,140926,634511,48,41,92532,0
C0493,28,M,130395,603613,30,19,221324,0
C0494,49,M,131492,915527,8,5,343322,0
C0495,46,M,87240,463002,20,6,324101,0
C0496,30,M,79315,527769,34,22,186271,0
C0497,46,M,25756,96325,58,1,94664,0
C0498,54,F,51378,373147,48,20,217669,0
C0499,61,M,150327,985306,37,22,399448,0
C0500,27,M,160556,1209743,31,16,585359,0
C0501,24,M,140703,515234,21,11,245349,0
C0502,31,M,71549,426794,30,13,241849,0
C0503,49,F,180575,1082655,59,42,311951,0
C0504,56,F,88794,423307,33,3,384824,1
C0505,45,F,60113,318137,14,9,113620,0
C0506,41,F,89069,284121,6,4,94707,0
C0507,56,M,151321,1018284,34,12,658889,0
C0508,30,F,165273,949759,27,23,140705,0
C0509,57,M,140541,462197,21,14,154065,0
C0510,29,M,24686,158083,46,33,44675,0
C0511,44,M,68363,364642,56,18,247435,0
C0512,55,M,112543,357020,49,41,58288,0
C0513,55,M,146733,1151566,56,9,966492,0
C0514,56,F,190915,1478743,59,23,902283,0
C0515,38,F,110673,615841,46,10,481962,0
C0516,59,F,57828,200568,12,3,150426,0
C0517,52,F,63604,430796,19,15,90693,0
C0518,44,M,25526,139363,34,5,118868,0
C0519,43,F,83910,378621,24,15,141982,0
C0520,52,M,40592,221514,24,20,36919,0
C0521,57,F,43982,246836,7,6,35262,0
C0522,32,M,15207,88406,46,25,40359,0
C0523,33,M,103733,540046,50,28,237620,0
C0524,43,F,139982,843920,20,2,759528,0
C0525,45,M,83619,634975,8,5,238115,0
C0526,55,M,175400,843909,16,8,421954,0
C0527,61,F,61479,407518,58,48,70261,0
C0528,50,M,166175,1241703,51,47,97388,0
C0529,37,F,185963,981865,35,25,280532,0
C0530,40,F,156826,818205,45,10,636381,0
C0531,45,F,96437,579642,23,14,226816,0
C0532,42,M,113540,676361,56,42,169090,0
C0533,33,M,87982,618772,53,46,81724,0
C0534,39,M,117747,633763,7,2,452687,0
C0535,56,F,63231,504622,37,30,95469,0
C0536,32,M,44301,146076,13,7,67419,0
C0537,61,F,187395,565153,27,9,376768,0
C0538,39,F,33752,209295,11,9,38053,0
C0539,32,M,113452,509646,17,14,89937,0
C0540,29,F,159467,670066,52,35,219060,0
C0541,27,M,136237,621171,45,34,151841,0
C0542,48,M,71273,305065,41,10,230658,0
C0543,34,M,106878,337087,20,3,286523,0
C0544,51,M,19895,156328,33,11,104218,0
C0545,39,M,134968,553871,57,11,446983,0
C0546,36,F,130700,871788,54,21,532759,0
C0547,25,F,91559,623789,50,21,361797,0
C0548,55,F,25699,196501,23,22,8543,0
C0549,32,M,24715,77920,7,5,22262,0
C0550,45,M,34169,251492,18,7,153689,0
C0551,41,M,133413,751933,50,17,496275,0
C0552,56,F,162235,999808,59,2,965916,0
C0553,43,M,134264,835437,20,12,334174,0
C0554,36,F,20782,147531,25,10,88518,0
C0555,59,F,139481,650962,34,18,306335,0
C0556,62,M,50585,337161,47,11,258250,0
C0557,59,M,45682,257778,34,16,136470,0
C0558,34,F,193936,1351146,8,1,1182252,0
C0559,51,M,144992,1153082,24,19,240225,0
C0560,25,F,99416,397987,8,2,298490,0
C0561,55,M,142810,1138658,59,35,463182,0
C0562,43,M,53067,183031,19,16,28899,0
C0563,49,F,188757,568458,45,6,492663,0
C0564,63,M,33073,106521,9,1,94685,0
C0565,31,F,51035,240319,57,44,54809,0
C0566,38,M,105373,649575,16,11,202992,0
C0567,32,F,98362,329035,36,12,219356,0
C0568,29,F,105517,319540,48,13,232997,0
C0569,30,M,80450,618294,37,4,551451,0
C0570,64,F,25382,180456,32,7,140981,0
C0571,37,M,150509,1060473,35,2,999874,0
C0572,58,M,76929,570976,48,26,261697,0
C0573,27,M,113864,740135,7,3,422934,0
C0574,33,F,158401,557891,54,27,278945,0
C0575,60,F,40169,200664,14,11,42999,0
C0576,62,M,102468,677902,33,15,369764,0
C0577,29,M,49594,218296,36,8,169785,0
C0578,47,F,60033,386434,39,7,317074,0
C0579,22,M,78133,243969,20,15,60992,0
C0580,25,M,88861,402601,53,46,53173,0
C0581,49,F,198362,1139718,30,8,835793,0
C0582,57,M,46750,288000,41,12,203707,0
C0583,58,F,55461,326399,13,11,50215,0
C0584,39,M,93222,604897,14,1,561690,0
C0585,28,F,127020,384926,42,17,229122,0
C0586,21,M,39226,137475,53,36,44095,0
C0587,42,M,21721,159534,50,21,92529,0
C0588,37,F,35609,228208,44,8,186715,0
C0589,27,M,198202,706522,37,5,611046,0
C0590,45,F,145513,1049202,57,26,570618,0
C0591,24,M,119211,502016,22,16,136913,0
C0592,56,F,194967,1051125,40,36,105112,0
C0593,26,F,151728,565335,42,28,188445,0
C0594,51,F,139865,916192,24,22,76349,0
C0595,39,F,89520,567044,49,29,231446,0
C0596,64,M,79309,321642,34,12,208121,0
C0597,59,M,44984,329148,12,5,192003,0
C0598,47,F,133947,670609,33,30,60964,0
C0599,30,F,20901,93272,14,7,46636,0
C0600,46,F,177624,668158,33,16,344202,0
C0601,39,M,46055,199456,11,10,18132,0
C0602,59,M,183757,571509,34,7,453845,0
C0603,23,M,160788,951268,22,13,389155,0
C0604,33,M,129099,930952,21,20,44331,0
C0605,48,F,26138,150160,28,5,123345,0
C0606,40,F,181370,742958,36,29,144464,0
C0607,48,F,197184,624747,8,3,390466,0
C0608,28,M,38429,156526,26,15,66222,0
C0609,61,M,65200,331255,31,4,288512,0
C0610,59,M,194316,1320971,41,19,708813,0
C0611,21,F,116268,458004,47,13,331322,0
C0612,23,F,32347,213456,42,21,106727,0
C0613,33,M,162992,1195492,58,37,432850,0
C0614,48,F,46822,246739,27,23,36553,0
C0615,45,M,192731,1369770,47,29,524592,0
C0616,53,M,55108,318154,17,4,243294,0
C0617,58,F,143955,890427,47,25,416795,0
C0618,26,M,22967,129336,18,6,86224,0
C0619,64,F,125719,668305,16,15,41769,0
C0620,52,M,26871,112139,59,36,43715,0
C0621,41,F,179685,811452,21,2,734170,0
C0622,36,F,43179,192140,13,6,103460,0
C0623,41,F,198260,1153168,45,32,333137,0
C0624,31,M,70099,252340,45,16,162619,0
C0625,57,M,50262,381184,50,18,243957,0
C0626,56,F,93213,615511,7,5,175860,0
C0627,55,F,132407,662992,35,30,94713,0
C0628,39,M,164340,623361,35,19,284965,0
C0629,40,M,101269,750399,17,7,441411,0
C0630,38,M,75545,537796,15,2,466089,0
C0631,61,F,54922,362957,49,13,266662,0
C0632,34,M,57913,252369,16,11,78865,0
C0633,35,M,112033,561535,20,4,449228,0
C0634,51,F,119792,420918,21,20,20043,0
C0635,21,M,195913,772915,22,20,70265,0
C0636,23,M,192404,1330489,31,15,686704,0
C0637,36,M,134863,886750,7,4,380035,0
C0638,43,F,171104,1021050,55,9,853969,0
C0639,31,F,183918,1375455,17,7,809091,0
C0640,32,F,59936,354601,56,51,31660,0
C0641,30,F,175866,938216,31,19,363180,0
C0642,52,F,196403,923458,28,6,725574,0
C0643,36,F,43141,332282,23,6,245599,0
C0644,28,F,155146,529602,37,15,314898,0
C0645,58,M,152478,1167133,54,20,734861,0
C0646,32,M,112359,801521,43,9,633760,0
C0647,44,F,138279,504669,52,32,194103,0
C0648,48,M,169363,986526,8,4,493263,0
C0649,28,M,56568,414798,43,18,241161,0
C0650,48,F,112539,659371,8,5,247264,0
C0651,56,M,61851,466109,35,20,199761,0
C0652,46,M,69823,538678,6,3,269339,0
C0653,28,M,38312,195847,35,22,72743,0
C0654,48,M,189180,924440,50,4,850484,0
C0655,48,M,180243,1384555,37,29,299363,0
C0656,57,F,187851,1197681,33,12,762160,0
C0657,61,F,113723,407141,26,2,375822,0
C0658,56,F,27411,88029,51,13,65590,0
C0659,47,M,72009,419318,18,10,186363,0
C0660,37,F,161494,1235567,32,9,888063,0
C0661,29,M,188540,1361493,41,31,332071,0
C0662,53,M,47371,302190,12,7,125912,0
C0663,40,M,72022,266163,27,4,226731,0
C0664,33,M,86229,368297,15,3,294637,0
C0665,48,F,114071,841565,44,42,38252,0
C0666,49,F,197268,772114,58,30,372744,0
C0667,33,M,111774,490933,20,3,417293,0
C0668,55,F,41715,152176,20,19,7608,0
C0669,26,M,42605,271842,9,7,60409,0
C0670,38,F,114853,886654,37,32,119818,0
C0671,25,F,46174,200618,28,2,186288,0
C0672,45,M,156028,838967,11,4,533888,0
C0673,22,F,91373,563926,29,10,369468,0
C0674,30,M,84252,673791,25,2,619887,0
C0675,50,F,85017,299603,42,2,285336,0
C0676,25,M,78037,428645,25,24,17145,0
C0677,53,M,104818,516291,17,1,485920,0
C0678,21,F,21548,157927,38,32,24935,0
C0679,38,F,131981,710036,33,16,365776,0
C0680,52,M,169249,601661,13,7,277689,0
C0681,31,F,39022,240848,6,5,40141,0
C0682,41,F,121297,831357,42,31,217736,0
C0683,46,M,151614,457026,27,11,270830,0
C0684,45,M,75428,550230,11,8,150062,0
C0685,42,F,168812,663450,26,1,637932,0
C0686,47,M,74353,428299,37,11,300966,0
C0687,33,M,128132,650780,40,21,309120,0
C0688,53,M,31052,204889,20,4,163911,0
C0689,54,F,115689,561763,10,7,168528,0
C0690,61,F,193148,1419409,51,26,695788,0
C0691,55,M,199492,1327116,55,47,193035,0
C0692,21,F,146743,915465,53,50,51818,0
C0693,41,M,15163,105855,11,1,96231,0
C0694,26,F,56424,381996,30,1,369262,0
C0695,48,M,199816,635353,51,11,498316,0
C0696,37,M,156706,779404,45,28,294441,0
C0697,25,F,150870,1154764,34,32,67927,0
C0698,51,M,37420,135783,12,1,124467,0
C0699,25,F,135575,906384,45,28,342411,0
C0700,58,F,44300,348772,18,10,155009,0
C0701,23,M,104881,342016,43,7,286338,0
C0702,43,M,25749,165076,23,2,150721,0
C0703,57,F,119131,636251,7,2,454465,0
C0704,57,M,171193,1009332,13,8,388204,0
C0705,30,M,143563,491948,16,4,368961,0
C0706,30,M,52487,168747,38,19,84373,1
C0707,39,M,179433,1136588,59,26,635718,0
C0708,37,M,36223,257782,43,11,191837,0
C0709,41,F,87930,607603,53,40,149034,0
C0710,34,F,160128,915776,32,18,400652,0
C0711,29,M,43380,151801,25,11,85008,0
C0712,21,M,41035,264274,17,11,93273,0
C0713,33,M,45620,192034,48,45,12002,0
C0714,24,F,165949,1253801,36,3,1149317,0
C0715,21,M,132360,951844,32,12,594902,0
C0716,60,F,68352,447494,37,3,411210,0
C0717,52,F,176983,1370597,15,10,456865,0
C0718,54,F,178856,564667,8,3,352916,0
C0719,48,M,18191,121534,50,49,2430,0
C0720,51,F,179232,833646,32,22,260514,0
C0721,28,M,105536,794720,40,2,754984,0
C0722,59,F,119576,518167,36,16,287870,0
C0723,46,M,195795,1297001,20,2,1167300,0
C0724,54,F,18631,137650,21,20,6554,0
C0725,23,M,152244,488442,18,6,325628,0
C0726,32,F,57080,284728,54,28,137091,0
C0727,21,M,105353,717616,40,25,269105,0
C0728,64,M,166353,877444,57,32,384843,0
C0729,25,M,43671,189368,16,13,35506,0
C0730,50,M,137811,564890,26,10,347624,0
C0731,50,F,197503,722385,56,42,180596,0
C0732,37,F,142734,1039909,59,40,334885,0
C0733,43,M,174674,1026520,16,1,962362,0
C0734,35,F,66399,224556,35,13,141149,0
C0735,57,M,169544,832952,53,41,188592,0
C0736,41,M,195302,945001,58,54,65172,0
C0737,34,F,22099,86378,40,37,6478,0
C0738,22,M,171503,887963,27,22,164437,0
C0739,31,M,71492,333188,43,16,209211,0
C0740,59,F,111722,526100,36,22,204594,0
C0741,58,M,193756,1297222,19,18,68274,0
C0742,54,M,45111,185691,29,11,115256,0
C0743,58,M,78936,490137,55,27,249524,0
C0744,54,M,168686,987361,54,41,237698,0
C0745,38,F,188063,1098374,37,16,623401,0
C0746,50,F,75920,479437,41,34,81855,0
C0747,35,F,78530,450912,37,32,60934,0
C0748,47,M,182296,1348311,20,2,1213479,0
C0749,54,M,22788,145339,48,12,109004,0
C0750,58,F,43082,247067,40,9,191476,0
C0751,53,M,138287,988588,8,4,494294,0
C0752,44,M,104570,630633,21,9,360361,0
C0753,35,M,116015,516930,10,9,51693,0
C0754,50,M,98588,397849,26,2,367245,0
C0755,62,F,162603,611653,15,4,448545,0
C0756,37,F,103340,774768,24,7,548794,0
C0757,25,F,109439,716899,30,28,47793,0
C0758,49,M,190929,1467650,9,2,1141505,0
C0759,24,F,156214,939855,34,1,912212,0
C0760,30,F,130053,697995,24,19,145415,0
C0761,37,M,63355,208981,48,36,52245,0
C0762,30,M,155938,991486,7,6,141640,0
C0763,37,F,140426,830064,15,11,221350,0
C0764,40,F,79027,628347,48,2,602165,0
C0765,44,F,174210,730949,30,25,121824,0
C0766,25,F,107601,608342,25,14,267670,0
C0767,54,M,44956,281190,53,2,270579,0
C0768,26,F,119797,745491,24,15,279559,0
C0769,22,F,139917,812423,28,12,464241,0
C0770,33,M,141303,972820,29,5,805092,0
C0771,63,F,151511,609817,16,12,152454,0
C0772,63,M,193313,1281304,51,20,778831,0
C0773,31,M,57533,350874,39,24,134951,0
C0774,43,M,174342,1304143,33,21,474233,0
C0775,36,F,93815,678842,10,5,339421,0
C0776,51,F,54279,248366,10,2,198692,0
C0777,31,M,124787,546715,56,24,312408,0
C0778,36,F,169960,1344088,26,14,620348,0
C0779,28,F,163702,922677,17,2,814126,0
C0780,24,M,76063,572914,55,12,447914,0
C0781,60,M,142896,545777,9,6,181925,0
C0782,24,F,181216,1126093,59,56,57258,0
C0783,45,M,198233,1397404,54,6,1242136,0
C0784,23,F,197051,1524578,47,36,356816,0
C0785,52,F,112661,528008,25,13,253443,0
C0786,23,F,153051,1013948,43,36,165061,0
C0787,47,F,172261,980865,30,22,261564,0
C0788,49,M,188672,623210,19,14,164002,0
C0789,52,M,138257,891757,16,15,55734,0
C0790,39,M,101205,652821,37,16,370520,0
C0791,41,M,21910,167677,16,13,31439,0
C0792,25,F,61857,339382,23,4,280359,0
C0793,38,F,49964,207413,32,24,51853,0
C0794,48,M,171299,552065,59,25,318139,0
C0795,62,F,152050,772141,23,1,738569,0
C0796,42,F,32153,144996,28,13,77676,0
C0797,41,F,74765,508808,16,4,381606,0
C0798,26,M,123212,587886,26,20,135666,0
C0799,21,M,54071,418799,49,18,264954,0
C0800,25,M,127990,999800,10,6,399920,0
C0801,61,F,84519,515949,28,3,460668,0
C0802,32,M,24503,187283,46,23,93641,0
C0803,46,M,110457,751579,30,13,425894,0
C0804,54,M,162977,934558,46,16,609494,0
C0805,34,M,60838,237361,59,5,217245,0
C0806,46,M,140200,742077,15,4,544189,0
C0807,47,M,104489,606493,27,21,134776,0
C0808,29,F,41806,306011,24,8,204007,0
C0809,46,F,191072,1033062,6,3,516531,0
C0810,42,M,168240,1259843,12,7,524934,0
C0811,50,M,85119,542356,9,7,120523,0
C0812,63,F,53714,197935,6,4,65978,0
C0813,37,F,70419,561584,20,16,112316,0
C0814,46,M,195217,1100274,45,17,684614,0
C0815,56,M,120432,597257,17,13,140531,0
C0816,21,M,107949,679600,27,23,100681,0
C0817,28,M,148533,526470,27,14,253485,0
C0818,55,F,160363,991475,55,7,865287,0
C0819,35,M,192876,1059116,52,46,122205,0
C0820,42,M,91971,462924,22,15,147294,0
C0821,34,M,108471,842288,34,17,421144,0
C0822,46,M,79946,448712,51,41,87982,0
C0823,48,F,113989,466851,19,15,98284,0
C0824,43,F,99080,524610,55,44,104922,0
C0825,34,F,92794,704950,25,2,648554,0
C0826,44,M,45841,177884,55,5,161712,0
C0827,22,M,139447,567519,53,45,85663,0
C0828,46,F,135029,413883,38,27,119808,0
C0829,34,M,194830,598313,48,23,311621,0
C0830,27,M,91272,652317,20,8,391390,0
C0831,23,F,52643,350634,17,16,20625,0
C0832,43,F,196480,938232,45,14,646337,0
C0833,63,F,58950,382677,59,15,285386,0
C0834,38,F,115500,574731,25,11,321849,0
C0835,58,M,174116,1351920,35,33,77252,0
C0836,55,M,140588,1101544,43,31,307407,0
C0837,35,F,30997,153868,8,3,96167,0
C0838,45,M,94751,688944,33,17,334033,0
C0839,57,F,113605,779948,31,28,75478,0
C0840,48,F,169983,773422,35,19,353564,0
C0841,30,M,70533,293431,18,14,65206,0
C0842,59,F,97566,516238,18,8,286798,0
C0843,37,M,160643,1109520,7,5,317005,0
C0844,59,M,123255,961492,42,20,503638,0
C0845,42,M,73005,497740,54,35,175130,0
C0846,46,M,58541,425946,43,5,376417,0
C0847,64,F,38387,230910,7,1,197922,0
C0848,45,M,108980,782153,41,29,228922,0
C0849,37,F,194980,1349671,59,6,1212416,0
C0850,33,F,100457,490725,31,25,94979,0
C0851,40,F,159129,916575,16,15,57285,0
C0852,45,F,79028,555074,13,6,298886,0
C0853,24,M,134246,433652,49,2,415951,0
C0854,30,M,70731,497974,45,5,442643,0
C0855,23,F,170930,664822,48,27,290859,0
C0856,61,F,194761,1085484,27,25,80406,0
C0857,38,M,59638,419933,25,8,285554,0
C0858,56,F,192558,822050,13,7,379407,0
C0859,42,M,35567,150414,34,1,145990,0
C0860,54,F,175811,881485,45,20,489713,0
C0861,28,M,72804,544079,31,12,333467,0
C0862,60,F,123821,371737,35,23,127452,0
C0863,64,F,18754,140784,22,11,70392,0
C0864,39,M,42044,158465,25,7,114094,0
C0865,62,F,82260,654002,57,47,114737,0
C0866,61,F,81912,636803,21,11,303239,0
C0867,57,M,23706,129751,51,29,55971,0
C0868,26,F,23894,132936,48,26,60929,0
C0869,46,M,164109,887459,12,3,665594,0
C0870,54,M,98986,611458,21,20,29117,0
C0871,26,F,96942,334799,50,46,26783,0
C0872,57,F,197684,625292,52,3,589217,0
C0873,53,F,44725,147078,53,1,144302,0
C0874,42,F,151998,793707,32,31,24803,0
C0875,41,F,119555,523380,58,53,45118,0
C0876,26,F,24496,149675,28,15,69491,0
C0877,26,F,71447,568876,29,1,549259,0
C0878,24,M,116604,575046,14,1,533971,0
C0879,50,F,175878,1032264,40,2,980650,0
C0880,31,M,103199,524046,56,29,252665,0
C0881,50,F,56321,407558,25,20,81511,0
C0882,51,F,168728,1267346,42,6,1086296,0
C0883,44,M,70147,518160,47,8,429962,0
C0884,29,F,106396,837534,22,16,228418,0
C0885,23,F,195738,614146,52,51,11810,0
C0886,51,M,53787,387216,36,33,32268,0
C0887,60,F,36727,248232,13,3,190947,0
C0888,57,F,110081,456117,20,3,387699,0
C0889,56,F,137721,1071689,36,5,922843,0
C0890,44,M,83056,310703,58,27,166065,0
C0891,51,F,149153,954243,35,12,627073,0
C0892,26,F,180268,743506,51,20,451935,0
C0893,22,F,182807,942718,25,13,452504,0
C0894,40,F,95102,627273,44,20,342148,0
C0895,48,M,171570,997958,58,9,843102,0
C0896,31,M,91865,471957,17,7,277621,0
C0897,24,F,177728,823181,54,4,762204,0
C0898,35,F,82695,595263,22,19,81172,0
C0899,26,M,183972,684205,47,19,407611,0
C0900,50,M,132235,681078,35,27,155674,0
C0901,58,F,193773,1456938,34,13,899873,0
C0902,22,M,123777,894814,24,13,410123,0
C0903,35,F,34033,170325,51,22,96851,0
C0904,31,M,156877,1069201,16,12,267300,0
C0905,28,M,181923,1294528,39,22,564281,0
C0906,46,M,41832,311415,55,43,67945,0
C0907,64,M,130725,748077,12,3,561057,0
C0908,25,F,160016,643633,49,8,538550,0
C0909,26,M,34873,149135,39,8,118543,0
C0910,46,M,55372,247982,25,10,148789,0
C0911,24,F,104464,623546,55,26,328778,0
C0912,39,M,161451,510838,43,26,201959,0
C0913,40,M,132322,817778,29,23,169195,0
C0914,53,F,182823,881530,15,11,235074,0
C0915,40,M,115082,515131,37,13,334139,0
C0916,32,F,20110,148763,57,28,75686,0
C0917,21,F,27087,143561,20,9,78958,0
C0918,46,F,169834,590218,42,20,309161,0
C0919,34,F,97617,696373,25,24,27854,0
C0920,58,M,115483,373957,8,3,233723,0
C0921,57,F,24596,163163,42,39,11654,0
C0922,31,M,122539,841785,45,12,617309,0
C0923,56,M,33313,158670,13,7,73232,0
C0924,33,M,128175,913110,45,14,629031,0
C0925,63,M,129914,724698,49,11,562010,0
C0926,23,M,38705,205773,28,26,14698,0
C0927,53,M,88445,285413,45,42,19027,0
C0928,26,M,118892,529086,16,11,165339,0
C0929,30,M,17023,130311,51,11,102204,0
C0930,25,M,134654,667765,13,6,359565,0
C0931,43,M,95073,545101,34,19,240485,0
C0932,30,F,107197,606746,35,6,502732,0
C0933,64,F,79429,472773,15,14,31518,0
C0934,22,F,119195,394136,44,38,53745,0
C0935,33,M,48848,235001,33,17,113939,0
C0936,60,F,183876,1216457,54,42,270323,0
C0937,22,F,161451,646256,41,28,204910,0
C0938,40,F,42766,171829,18,1,162282,0
C0939,21,M,83099,253489,37,35,13702,0
C0940,57,M,182132,944793,41,40,23043,0
C0941,29,M,84122,623652,42,8,504861,0
C0942,37,M,162159,528558,31,27,68201,0
C0943,29,F,63868,252635,27,20,65497,0
C0944,31,F,134119,610298,9,6,203432,0
C0945,35,F,169297,1127285,36,7,908090,0
C0946,44,F,110286,684123,23,11,356933,0
C0947,58,M,21643,109940,43,39,10226,0
C0948,55,M,51727,351502,29,4,303018,0
C0949,50,M,157077,950026,28,25,101788,0
C0950,51,F,124079,928136,27,12,515631,0
C0951,25,M,80697,572152,7,2,408680,0
C0952,64,M,31029,132309,36,12,88206,0
C0953,34,F,160298,698449,16,11,218265,0
C0954,31,F,174803,633972,33,19,268957,0
C0955,29,M,124458,583063,51,37,160056,0
C0956,54,M,125384,1002786,37,24,352330,0
C0957,32,M,83926,422043,10,9,42204,0
C0958,55,M,152069,623854,43,13,435246,0
C0959,55,M,70506,480316,15,9,192126,0
C0960,21,M,93229,532557,45,4,485218,0
C0961,60,F,195887,734185,51,11,575831,0
C0962,42,F,57092,279947,29,17,115840,0
C0963,49,F,77539,393304,40,7,324475,0
C0964,28,M,167889,1136465,49,46,69579,0
C0965,31,F,183933,570809,53,11,452339,0
C0966,61,M,28428,123522,28,22,26469,0
C0967,57,M,190006,1061750,22,9,627397,0
C0968,34,F,156330,679134,6,5,113189,0
C0969,50,M,72775,446996,36,23,161415,0
C0970,55,M,20469,110723,36,28,24605,0
C0971,41,F,43854,210874,47,43,17946,0
C0972,57,F,152328,1179939,47,26,527206,0
C0973,25,F,91256,562209,58,25,319877,0
C0974,39,M,180009,656980,39,29,168456,0
C0975,34,F,114134,662029,14,3,520165,0
C0976,46,F,147723,1019829,27,1,982057,0
C0977,24,M,196360,1284675,18,4,999191,0
C0978,45,F,99730,385002,30,14,205334,0
C0979,62,F,171123,1345386,53,14,990001,0
C0980,45,F,42386,222275,23,3,193282,0
C0981,38,M,162256,615781,56,30,285898,0
C0982,60,M,48787,190317,17,12,55975,0
C0983,28,M,36621,127850,45,17,79551,0
C0984,59,M,92984,652523,22,3,563542,0
C0985,60,F,191325,690712,20,16,138142,0
C0986,34,M,49051,177840,47,46,3783,0
C0987,52,M,64811,470032,20,13,164511,0
C0988,58,F,45447,214647,20,15,53661,0
C0989,53,F,143046,451208,44,25,194839,0
C0990,43,F,176326,574730,18,6,383153,0
C0991,35,M,99045,367541,22,10,200476,0
C0992,53,M,131859,536266,37,23,202911,0
C0993,45,M,160544,1015558,14,9,362699,0
C0994,37,F,18471,69942,45,42,4662,0
C0995,53,F,135312,486361,25,7,350179,0
C0996,22,M,154401,1053570,31,22,305875,0
C0997,34,F,180937,1149904,32,17,539017,0
C0998,60,F,61850,320174,26,18,98515,0
C0999,60,F,69220,397776,23,17,103767,0
